"LastName","FirstName","State","StateName","Id","CompanyName","StreetName","City","ProductName","County","RoadTypes","DomainExtension","CompanySuffix","Lorem"
"Smith","John","AL","Alabama","342","Acme","Main","Greenville","dooHickey","Baker","Way",".com","Co","Lorem ipsum dolor sit amet, consectetur adipiscing elit. "
"Johnson","Patricia","AK","Alaska","6477","Globax","South","Washington","gadget","Baldwin","St.",".com","Co","Sed do eiusmod tempor incididunt ut labore et dolore magna aliqua. "
"Williams","Michael","AZ","Arizona","4569","Virtucon","West","Lincoln","widget","Banks","Trl.",".com","Co","Ut enim ad minim veniam, quis nostrud exercitation ullamco laboris nisi ut aliquip ex ea commodo consequat. "
"Jones","Susan","AR","Arkansas","32556","Wonka","East","Lincolnton","thingamajig","Camden","Blvd",".com","Co","Duis aute irure dolor in reprehenderit in voluptate velit esse cillum dolore eu fugiat nulla pariatur. "
"Brown","William","CA","California","4046","Stark","North","Pinetown","gizmo","Chandler","Street",".com","Corp","Excepteur sint occaecat cupidatat non proident. "
"Davis","Mary","CO","Colorado","8088","Spacely","Poplar","Athens","whatchamacallit","Clarke","Road",".com","Corp","Sunt in culpa qui officia deserunt mollit anim id est laborum. "
"Miller","Robert","CT","Connecticut","228","Tyrell","Pine","York","doodad","Dade","Rd.",".com","LLC",""
"Wilson","Sarah","DE","Delaware","6679","Oscorp","LakeShore","London","gimmick","Douglas","Lane",".net","Industries",""
"Moore","Peter","FL","Florida","121","More","Ivy","Peachtree","thingamabob","Franklin","Circle",".us","Corporation",""
"Taylor","Ann","GA","Georgia","245644","Nakatomi","Rose","Brighton","whatnot","Jackson","Ave.",".biz","Ind",""
"Anderson","Roger","HI","Hawaii","904","Umbrella","Desert","HillTown","dingbat","Madison","Avenue",".gov","Systems",""
"Thomas","Theresa","ID","Idaho","39996","Compudata","Valley","Port Jackson","whatsis","Mitchell","","","Inc",""
"Jackson","Ethan","IL","Illinois","23660","Jackson","HillTop","Jackson","jitter","Pierce","","","Inc",""
"White","Crystal","IN","Indiana","790","Wayne","Creek","Austin","aparatus","Stewart","","","",""
"Harris","Phillip","IA","Iowa","45646","Parallax","Oasis","Metropolis","blackbox","Turner","","","",""
"Martin","Denise","KS","Kansas","2004","Mega","Green","Gotham","stuff","Towns","","","",""
"Thompson","Juan","KY","Kentucky","1006","CyberGlobe","Oakside","Sierra","utensil","Warren","","","",""
"Garcia","Amber","LA","Louisiana","766532","Primo","River","WestLake","implement","Webster","","","",""
"Martinez","Randy","ME","Maine","333","Holdings","Fielding","Stone Bridge","paraphernalia","White","","","",""
"Robinson","Tiffany","MD","Maryland","23109","Capital","DeadEnd","Oakleaf","machine","Worth","","","",""
"Clark","Alan","MA","Massachusetts","122","Next","Capital","Franklin","gear","","","","",""
"Rodriguez","Janice","MI","Michigan","3","Sunrise","Sunrise","Kingston","device","","","","",""
"Lewis","Christian","MN","Minnesota","4909","MultiNational","Lakes","Eastdale","","","","","",""
"Lee","Gloria","MS","Mississippi","1259","United","City","Winterspring","","","","","",""
"Walker","Jesse","MO","Missouri","6902","City","Broad","Westmoor","","","","","",""
"Hall","Mildred","MT","Montana","87688","","","","","","","","",""
"Allen","Patrick","NE","Nebraska","33443","","","","","","","","",""
"Young","Christine","NV","Nevada","23850","","","","","","","","",""
"Hernandez","Gary","NH","New Hampshire","4400","","","","","","","","",""
"King","Rebecca","NJ","New Jersey","40920","","","","","","","","",""
"Wright","Dylan","NM","New Mexico","5563","","","","","","","","",""
"Lopez","Jacqueline","NY","New York","44522","","","","","","","","",""
"Hill","Treymayne","NC","North Carolina","722","","","","","","","","",""
"Scott","Nicole","ND","North Dakota","234","","","","","","","","",""
"Green","Nicholas","OH","Ohio","8301","","","","","","","","",""
"Adams","Karen","OK","Oklahoma","2252","","","","","","","","",""
"Baker","Christopher","OR","Oregon","14","","","","","","","","",""
"Gonzalez","Jennifer","PA","Pennsylvania","2354","","","","","","","","",""
"Nelson","Levi","RI","Rhode Island","75","","","","","","","","",""
"Carter","Courtney","SC","South Carolina","9888","","","","","","","","",""
"Mitchell","Xavier","SD","South Dakota","","","","","","","","","",""
"Perez","Theresa","TN","Tennessee","","","","","","","","","",""
"Roberts","Omar","TX","Texas","","","","","","","","","",""
"Turner","Crystal","UT","Utah","","","","","","","","",""
"Phillips","Jorge","VT","Vermont","","","","","","","","",""
"Campbell","Summer","VA","Virginia","","","","","","","","",""
"Parker","Naomi","WA","Washington","","","","","","","","",""
"Evans","Travis","WV","West Virginia","","","","","","","","",""
"Edwards","Zoey","WI","Wisconsin","","","","","","","","",""
"Collins","","WY","Wyoming","","","","","","","","",""