"Lorem","LastName","FirstName","State","StateName","Id","CompanyName","StreetName","City","ProductName","County","RoadTypes","DomainExtension","CompanySuffix"
"lorem","Smith","John","AL","Alabama","342","Acme","Main","Greenville","dooHickey","Baker","Way",".com","Co"
"ipsum","Johnson","Patricia","AK","Alaska","6477","Globax","South","Washington","gadget","Baldwin","St.",".com","Co"
"dolor","Williams","Michael","AZ","Arizona","4569","Virtucon","West","Lincoln","widget","Banks","Trl.",".com","Co"
"sit","Jones","Susan","AR","Arkansas","32556","Wonka","East","Lincolnton","thingamajig","Camden","Blvd",".com","Co"
"amet","Brown","William","CA","California","4046","Stark","North","Pinetown","gizmo","Chandler","Street",".com","Corp"
"consectetur","Davis","Mary","CO","Colorado","8088","Spacely","Poplar","Athens","whatchamacallit","Clarke","Road",".com","Corp"
"adipiscing","Miller","Robert","CT","Connecticut","228","Tyrell","Pine","York","doodad","Dade","Rd.",".com","LLC"
"elit","Wilson","Sarah","DE","Delaware","6679","Oscorp","LakeShore","London","gimmick","Douglas","Lane",".net","Industries"
"sed","Moore","Peter","FL","Florida","121","More","Ivy","Peachtree","thingamabob","Franklin","Circle",".us","Corporation"
"do","Taylor","Ann","GA","Georgia","245644","Nakatomi","Rose","Brighton","whatnot","Jackson","Ave.",".biz","Ind"
"eisumod","Anderson","Roger","HI","Hawaii","904","Umbrella","Desert","HillTown","dingbat","Madison","Avenue",".gov","Systems"
"tempor","Thomas","Theresa","ID","Idaho","39996","Compudata","Valley","Port Jackson","whatsis","Mitchell","","","Inc"
"incidicunt","Jackson","Ethan","IL","Illinois","23660","Jackson","HillTop","Jackson","jitter","Pierce","","","Inc"
"ut","White","Crystal","IN","Indiana","790","Wayne","Creek","Austin","aparatus","Stewart","","",""
"labore","Harris","Phillip","IA","Iowa","45646","Parallax","Oasis","Metropolis","blackbox","Turner","","",""
"et","Martin","Denise","KS","Kansas","2004","Mega","Green","Gotham","stuff","Towns","","",""
"dolore","Thompson","Juan","KY","Kentucky","1006","CyberGlobe","Oakside","Sierra","utensil","Warren","","",""
"magna","Garcia","Amber","LA","Louisiana","766532","Primo","River","WestLake","implement","Webster","","",""
"aliqua","Martinez","Randy","ME","Maine","333","Holdings","Fielding","Stone Bridge","paraphernalia","White","","",""
"ut","Robinson","Tiffany","MD","Maryland","23109","Capital","DeadEnd","Oakleaf","machine","Worth","","",""
"enim","Clark","Alan","MA","Massachusetts","122","Next","Capital","Franklin","gear","","","",""
"ad","Rodriguez","Janice","MI","Michigan","3","Sunrise","Sunrise","Kingston","device","","","",""
"minim","Lewis","Christian","MN","Minnesota","4909","MultiNational","Lakes","Eastdale","","","","",""
"veniam","Lee","Gloria","MS","Mississippi","1259","United","City","Winterspring","","","","",""
"quis","Walker","Jesse","MO","Missouri","6902","City","Broad","Westmoor","","","","",""
"nostrud","Hall","Mildred","MT","Montana","87688","","","","","","","",""
"exercitation","Allen","Patrick","NE","Nebraska","33443","","","","","","","",""
"ullamco","Young","Christine","NV","Nevada","23850","","","","","","","",""
"laboris","Hernandez","Gary","NH","New Hampshire","4400","","","","","","","",""
"nisi","King","Rebecca","NJ","New Jersey","40920","","","","","","","",""
"ut","Wright","Dylan","NM","New Mexico","5563","","","","","","","",""
"aliquip","Lopez","Jacqueline","NY","New York","44522","","","","","","","",""
"ex","Hill","Treymayne","NC","North Carolina","722","","","","","","","",""
"ea","Scott","Nicole","ND","North Dakota","234","","","","","","","",""
"commodo","Green","Nicholas","OH","Ohio","8301","","","","","","","",""
"consequat","Adams","Karen","OK","Oklahoma","2252","","","","","","","",""
"duis","Baker","Christopher","OR","Oregon","14","","","","","","","",""
"aute","Gonzalez","Jennifer","PA","Pennsylvania","2354","","","","","","","",""
"irure","Nelson","Levi","RI","Rhode Island","75","","","","","","","",""
"dolor","Carter","Courtney","SC","South Carolina","9888","","","","","","","",""
"in","Mitchell","Xavier","SD","South Dakota","","","","","","","","",""
"reprehenderit","Perez","Theresa","TN","Tennessee","","","","","","","","",""
"in","Roberts","Omar","TX","Texas","","","","","","","","",""
"voluptate","Turner","Crystal","UT","Utah","","","","","","","","",""
"velit","Phillips","Jorge","VT","Vermont","","","","","","","","",""
"esse","Campbell","Summer","VA","Virginia","","","","","","","","",""
"cillum","Parker","Naomi","WA","Washington","","","","","","","","",""
"dolore","Evans","Travis","WV","West Virginia","","","","","","","","",""
"eu","Edwards","Zoey","WI","Wisconsin","","","","","","","","",""
"fugiat","Collins","","WY","Wyoming","","","","","","","","",""
"nulla","","","","","","","","","","","","",""
"pariatur","","","","","","","","","","","","",""
"excepteur","","","","","","","","","","","","",""
"sint","","","","","","","","","","","","",""
"occaecat","","","","","","","","","","","","",""
"cupidatat","","","","","","","","","","","","",""
"non","","","","","","","","","","","","",""
"proident","","","","","","","","","","","","",""
"sunt","","","","","","","","","","","","",""
"in","","","","","","","","","","","","",""
"culpa","","","","","","","","","","","","",""
"qui","","","","","","","","","","","","",""
"officia","","","","","","","","","","","","",""
"deserunt","","","","","","","","","","","","",""
"mollit","","","","","","","","","","","","",""
"anim","","","","","","","","","","","","",""
"id","","","","","","","","","","","","",""
"est","","","","","","","","","","","","",""
"laborum","","","","","","","","","","","","",""
